"ID","PMID","Strain_MG1655","Strain_REL606","Strain_K12","Strain_REL1206","Strain_MC4100TF","Strain_REL607","Strain_BW2952","Strain_EcNR1","Strain_Evolved.MG1655","Strain_DH1","Strain_W3110","Strain_MC4100","Strain_BW25113","Strain_ATCC25922","Strain_PFM3","Strain_MC1000","Medium_MD135","Medium_MD126","Medium_MD018","Medium_MD144","Medium_MD143","Medium_MD145","Medium_MD133","Medium_MD134","Medium_MD136","Medium_MD078","Medium_MD150","Medium_Gut","Medium_MD137","Medium_MD132","Medium_MD001","Medium_MD147","Medium_MD148","Medium_MD149","Medium_MD151","Medium_MD129","Medium_MD138","Medium_MD140","Medium_MD139","Medium_MD141","Medium_MD146","Medium_MD128","Medium_MD130","Medium_MD131","Carbon_Glucose_high","Carbon_Glucose_low","Carbon_Glycerol_medium","Carbon_Glucose_medium","Carbon_Xylose_medium","Carbon_Glycerol_low","Carbon_Maltose_high","Carbon_L.Lactate_medium","Carbon_L.1.2.PDO_medium","Carbon_Sodium.Acetate_","Carbon_D.Gluconate_medium","Suppl_citrate","Suppl_Sodium.acetate","Suppl_propanediol","Suppl_leucine","Suppl_thiamine.hydrochloride","Suppl_kanamycin.sulphate","time_0.500","time_1K.5K","time_5K.10K","time_10K.20K","time_30K.40K","time_20K.30K","time_500.1K","stress_0.3M_NaCl","stress_Butanol","stress_100mM_H2O2","stress_Acid","stress_Ciprofloxacin","stress_DecreasingGly_Increasing.PDO","stress_Heat","stress_Chloranphenicol","stress_Doxycycline","stress_Trimethoprim","stress_Murine_monocytic_cells.RAW.264.7.","stress_Spiramycin","stress_Clindamycin","stress_Erythromycin","stress_Chloramphenicol","stress_Kanamycin","stress_Sulfamethaxozole","stress_Tetracycline","stress_Tobramycin","stress_Sulfamonomethoxine","stress_Lomefloxacin","stress_Nitrofurantoin","stress_Piperacillin","stress_Cefoxitin","stress_Nalidixicacid.","stress_Fusidicacid.","stress_Amikacin","stress_Ampicillin","stress_Spectinomycin","stress_Streptomycin","stress_peptidomimetic1","stress_N.Methyl.N9.nitro.N.nitrosoguanidine","stress_Anaerobic","stress_NalidixicAcid","Tem_normal","Tem_low","Tem_high","Pert_lacZ_GFP","Pert_.leuB","Pert_pgi_edd_qor_udhA","Pert_CFG","Pert_YFP","Pert_ybeB_ylbE_nupC","Pert_galK..CFP.YFP","Pert_PrrnP_pAH144","Pert_PrrnP_pAH145_gene_Shuffle","Pert_DmutL"
1,23385483,"1","","","","","","","","","","","","","","","","1","","","","","","","","","","","","","","","","","","","","","","","","","","","","1","","","","","","","","","","","","","","","","","1","","","","","","","","","","","","","","","","","","","","","","","","","","","","","","","","","","","","","","","","","1","","","","","","","","","","","",""
2,23385483,"1","","","","","","","","","","","","","","","","1","","","","","","","","","","","","","","","","","","","","","","","","","","","","1","","","","","","","","","","","","","","","","","1","","","","","","","1","","","","","","","","","","","","","","","","","","","","","","","","","","","","","","","","","","1","","","","","","","","","","","",""
3,23385483,"1","","","","","","","","","","","","","","","","1","","","","","","","","","","","","","","","","","","","","","","","","","","","","1","","","","","","","","","","","","","","","","","1","","","","","","","","1","","","","","","","","","","","","","","","","","","","","","","","","","","","","","","","","","1","","","","","","","","","","","",""
4,23385483,"1","","","","","","","","","","","","","","","","1","","","","","","","","","","","","","","","","","","","","","","","","","","","","1","","","","","","","","","","","","","","","","","1","","","","","","","","","1","","","","","","","","","","","","","","","","","","","","","","","","","","","","","","","","1","","","","","","","","","","","",""
5,23385483,"1","","","","","","","","","","","","","","","","1","","","","","","","","","","","","","","","","","","","","","","","","","","","","1","","","","","","","","","","","","","","","","","1","","","","","","","","","","1","","","","","","","","","","","","","","","","","","","","","","","","","","","","","","","1","","","","","","","","","","","",""
6,19838166,"","1","","","","","","","","","","","","","","","","1","","","","","","","","","","","","","","","","","","","","","","","","","","","","1","","","","","","","","","","","","","","","","","1","","","","","","","","","","","","","","","","","","","","","","","","","","","","","","","","","","","","","","","","1","","","","","","","","","","","",""
7,19838166,"","1","","","","","","","","","","","","","","","","1","","","","","","","","","","","","","","","","","","","","","","","","","","","","1","","","","","","","","","","","","","","","","","1","","","","","","","","","","","","","","","","","","","","","","","","","","","","","","","","","","","","","","","","1","","","","","","","","","","","",""
8,19838166,"","1","","","","","","","","","","","","","","","","1","","","","","","","","","","","","","","","","","","","","","","","","","","","","1","","","","","","","","","","","","","","","","","","1","","","","","","","","","","","","","","","","","","","","","","","","","","","","","","","","","","","","","","","1","","","","","","","","","","","",""
9,19838166,"","1","","","","","","","","","","","","","","","","1","","","","","","","","","","","","","","","","","","","","","","","","","","","","1","","","","","","","","","","","","","","","","","","","1","","","","","","","","","","","","","","","","","","","","","","","","","","","","","","","","","","","","","","1","","","","","","","","","","","",""
10,19838166,"","1","","","","","","","","","","","","","","","","1","","","","","","","","","","","","","","","","","","","","","","","","","","","","1","","","","","","","","","","","","","","","","","","","1","","","","","","","","","","","","","","","","","","","","","","","","","","","","","","","","","","","","","","1","","","","","","","","","","","",""
11,19838166,"","1","","","","","","","","","","","","","","","","1","","","","","","","","","","","","","","","","","","","","","","","","","","","","1","","","","","","","","","","","","","","","","","","","","1","","","","","","","","","","","","","","","","","","","","","","","","","","","","","","","","","","","","","1","","","","","","","","","","","",""
12,21940899,"","","1","","","","","","","","","","","","","","","","1","","","","","","","","","","","","","","","","","","","","","","","","","","","1","","","","","","","","","","","","","","","","1","","","","","","","","","","","1","","","","","","","","","","","","","","","","","","","","","","","","","","","","","","","1","","1","","","","","","","","",""
13,22992527,"","1","","","","","","","","","","","","","","","","1","","","","","","","","","","","","","","","","","","","","","","","","","","","","1","","","","","","","","","","1","","","","1","","","1","","","","","","","","","","","","","","","","","","","","","","","","","","","","","","","","","","","","","","","","1","","","","","","","","","","","",""
14,22992527,"","1","","","","","","","","","","","","","","","","1","","","","","","","","","","","","","","","","","","","","","","","","","","","","1","","","","","","","","","","1","","","","1","","","1","","","","","","","","","","","","","","","","","","","","","","","","","","","","","","","","","","","","","","","","1","","","","","","","","","","","",""
15,22992527,"","1","","","","","","","","","","","","","","","","1","","","","","","","","","","","","","","","","","","","","","","","","","","","","1","","","","","","","","","","1","","","","1","","","","1","","","","","","","","","","","","","","","","","","","","","","","","","","","","","","","","","","","","","","","1","","","","","","","","","","","",""
16,22992527,"","1","","","","","","","","","","","","","","","","1","","","","","","","","","","","","","","","","","","","","","","","","","","","","1","","","","","","","","","","1","","","","1","","","","","1","","","","","","","","","","","","","","","","","","","","","","","","","","","","","","","","","","","","","","1","","","","","","","","","","","",""
17,22992527,"","1","","","","","","","","","","","","","","","","1","","","","","","","","","","","","","","","","","","","","","","","","","","","","1","","","","","","","","","","1","","","","1","","","","","1","","","","","","","","","","","","","","","","","","","","","","","","","","","","","","","","","","","","","","1","","","","","","","","","","","",""
18,22992527,"","1","","","","","","","","","","","","","","","","1","","","","","","","","","","","","","","","","","","","","","","","","","","","","1","","","","","","","","","","1","","","","1","","","","","","","1","","","","","","","","","","","","","","","","","","","","","","","","","","","","","","","","","","","","1","","","","","","","","","","","",""
19,22992527,"","1","","","","","","","","","","","","","","","","1","","","","","","","","","","","","","","","","","","","","","","","","","","","","1","","","","","","","","","","1","","","","1","","","","","","","1","","","","","","","","","","","","","","","","","","","","","","","","","","","","","","","","","","","","1","","","","","","","","","","","",""
20,22992527,"","1","","","","","","","","","","","","","","","","1","","","","","","","","","","","","","","","","","","","","","","","","","","","","1","","","","","","","","","","1","","","","1","","","","","","1","","","","","","","","","","","","","","","","","","","","","","","","","","","","","","","","","","","","","1","","","","","","","","","","","",""
21,22992527,"","1","","","","","","","","","","","","","","","","1","","","","","","","","","","","","","","","","","","","","","","","","","","","","1","","","","","","","","","","1","","","","1","","","","","","1","","","","","","","","","","","","","","","","","","","","","","","","","","","","","","","","","","","","","1","","","","","","","","","","","",""
22,22992527,"","1","","","","","","","","","","","","","","","","1","","","","","","","","","","","","","","","","","","","","","","","","","","","","1","","","","","","","","","","1","","","","1","","","","","","1","","","","","","","","","","","","","","","","","","","","","","","","","","","","","","","","","","","","","1","","","","","","","","","","","",""
23,22992527,"","1","","","","","","","","","","","","","","","","1","","","","","","","","","","","","","","","","","","","","","","","","","","","","1","","","","","","","","","","1","","","","1","","","","","","1","","","","","","","","","","","","","","","","","","","","","","","","","","","","","","","","","","","","","1","","","","","","","","","","","",""
24,22992527,"","1","","","","","","","","","","","","","","","","1","","","","","","","","","","","","","","","","","","","","","","","","","","","","1","","","","","","","","","","1","","","","1","","","","","","1","","","","","","","","","","","","","","","","","","","","","","","","","","","","","","","","","","","","","1","","","","","","","","","","","",""
25,22992527,"","1","","","","","","","","","","","","","","","","1","","","","","","","","","","","","","","","","","","","","","","","","","","","","1","","","","","","","","","","1","","","","1","","","","","","1","","","","","","","","","","","","","","","","","","","","","","","","","","","","","","","","","","","","","1","","","","","","","","","","","",""
26,22992527,"","1","","","","","","","","","","","","","","","","1","","","","","","","","","","","","","","","","","","","","","","","","","","","","1","","","","","","","","","","1","","","","1","","","","","","1","","","","","","","","","","","","","","","","","","","","","","","","","","","","","","","","","","","","","1","","","","","","","","","","","",""
27,22992527,"","1","","","","","","","","","","","","","","","","1","","","","","","","","","","","","","","","","","","","","","","","","","","","","1","","","","","","","","","","1","","","","1","","","","","","1","","","","","","","","","","","","","","","","","","","","","","","","","","","","","","","","","","","","","1","","","","","","","","","","","",""
28,22282810,"","","","1","","","","","","","","","","","","","","1","","","","","","","","","","","","","","","","","","","","","","","","","","","","1","","","","","","","","","","","","","","","","","1","","","","","","","","","","","","","","","","","","","","","","","","","","","","","","","","","","","","","","","","","","1","","","","","","","","","",""
29,24603152,"","1","","","","","","","","","","","","","","","","1","","","","","","","","","","","","","","","","","","","","","","","","","","","","1","","","","","","","","","","","","","","","","","","1","","","","","","","","","","","","","","","","","","","","","","","","","","","","","","","","","","","","","","","1","","","","","","","","","","","",""
30,20639316,"","","","","1","","","","","","","","","","","","","","","1","","","","","","","","","","","","","","","","","","","","","","","","","1","","","","","","","","","","","","","","","","","1","","","","","","","","","","","","","","","","","","","","","","","","","","","","","","","","","","","","","","","","","1","","","","","","","","","","","",""
32,23431270,"","1","","","","","","","","","","","","","","","","1","","","","","","","","","","","","","","","","","","","","","","","","","","","","1","","","","","","","","","","","1","","","","","","1","","","","","","","","","","","","","","","","","","","","","","","","","","","","","","","","","","","","","","","","1","","","","","","","","","","","",""
33,23431270,"","","","","","1","","","","","","","","","","","","1","","","","","","","","","","","","","","","","","","","","","","","","","","","","1","","","","","","","","","","","1","","","","","","1","","","","","","","","","","","","","","","","","","","","","","","","","","","","","","","","","","","","","","","","1","","","","","","","","","","","",""
34,17086184,"1","","","","","","","","","","","","","","","","","","","","1","","","","","","","","","","","","","","","","","","","","","","","","","","1","","","","","","","","","","","","","","","","","","","","","1","","","","","","","","","","","","","","","","","","","","","","","","","","","","","","","","","","","","1","","","","","","","","","","",""
36,23221876,"","","","","","","1","","","","","","","","","","","","","","","1","","","","","","","","","","","","","","","","","","","","","","","","1","","","","","","","","","","","","","","","","1","","","","","","","","","","","","","","","","","","","","","","","","","","","","","","","","","","","","","","","","","1","","","","","","","","","","","",""
37,23221876,"","","","","","","1","","","","","","","","","","","","","","","1","","","","","","","","","","","","","","","","","","","","","","","","1","","","","","","","","","","","","","","","","1","","","","","","","","","","","","","","","","","","","","","","","","","","","","","","","","","","","","","","","","","1","","","","","","","","","","","",""
38,23221876,"","","","","","","1","","","","","","","","","","","","","","","1","","","","","","","","","","","","","","","","","","","","","","","","1","","","","","","","","","","","","","","","","1","","","","","","","","","","","","","","","","","","","","","","","","","","","","","","","","","","","","","","","","","1","","","","","","","","","","","",""
39,22682524,"","","","","","","1","","","","","","","","","","","","","","","1","","","","","","","","","","","","","","","","","","","","","","","","1","","","","","","","","","","","","","","","","1","","","","","","","","","","","","","","","","","","","","","","","","","","","","","","","","","","","","","","","","","1","","","","","","","","","","","",""
40,22682524,"","","","","","","1","","","","","","","","","","","","","","","1","","","","","","","","","","","","","","","","","","","","","","","","1","","","","","","","","","","","","","","","","1","","","","","","","","","","","","","","","","","","","","","","","","","","","","","","","","","","","","","","","","","1","","","","","","","","","","","",""
41,22682524,"","","","","","","1","","","","","","","","","","","","","","","1","","","","","","","","","","","","","","","","","","","","","","","","1","","","","","","","","","","","","","","","","1","","","","","","","","","","","","","","","","","","","","","","","","","","","","","","","","","","","","","","","","","1","","","","","","","","","","","",""
42,22682524,"","","","","","","1","","","","","","","","","","","","","","","1","","","","","","","","","","","","","","","","","","","","","","","","1","","","","","","","","","","","","","","","","1","","","","","","","","","","","","","","","","","","","","","","","","","","","","","","","","","","","","","","","","","1","","","","","","","","","","","",""
43,22682524,"","","","","","","1","","","","","","","","","","","","","","","1","","","","","","","","","","","","","","","","","","","","","","","","1","","","","","","","","","","","","","","","","1","","","","","","","","","","","","","","","","","","","","","","","","","","","","","","","","","","","","","","","","","1","","","","","","","","","","","",""
44,22682524,"","","","","","","1","","","","","","","","","","","","","","","1","","","","","","","","","","","","","","","","","","","","","","","","1","","","","","","","","","","","","","","","","","","","","","","1","","","","","","","","","","","","","","","","","","","","","","","","","","","","","","","","","","","1","","","","","","","","","","","",""
48,21435272,"","","","","","","","1","","","","","","","","","","","","","","","1","","","","","","","","","","","","","","","","","","","","","","","","","1","","","","","","","","","","","","","","1","","","","","","","","1","","","","","","","","","","","","","","","","","","","","","","","","","","","","","","","","","1","","","","","","","","","","","",""
49,21435272,"","","","","","","","1","","","","","","","","","","","","","","","1","","","","","","","","","","","","","","","","","","","","","","","","","1","","","","","","","","","","","","","","1","","","","","","","","1","","","","","","","","","","","","","","","","","","","","","","","","","","","","","","","","","1","","","","","","","","","","","",""
50,21435272,"","","","","","","","1","","","","","","","","","","","","","","","","1","","","","","","","","","","","","","","","","","","","","","","","","","1","","","","","","","","","","","","","1","","","","","","","","1","","","","","","","","","","","","","","","","","","","","","","","","","","","","","","","","","1","","","","","","","","","","","",""
51,20435762,"","","","","","","","","1","","","","","","","","","","","","","","","","1","","","","","","","","","","","","","","","","","","","","","","","","","1","","","","","","","","1","","","","","","","","","","1","","","","","","1","","","","","","","","","","","","","","","","","","","","","","","","","","","","","1","","","","","","","","","","","",""
52,20975944,"","","","","","","","","","1","","","","","","","","","","","","","","","","1","","","","","","","","","","","","","","","","","","","1","","","","","","","","","","","","","","1","","1","","","1","","","","","","","","","","","","","","","","","","","","","","","","","","","","","","","","","","","","","","","1","","","","1","","","","","","","",""
53,20975944,"","","","","","","","","","1","","","","","","","","","","","","","","","","1","","","","","","","","","","","","","","","","","","","1","","","","","","","","","","","","","","1","","1","","1","","","","","","","","","","","","1","","","","","","","","","","","","","","","","","","","","","","","","","","","","","","1","","1","","","","","","","",""
54,20975944,"","","","","","","","","","1","","","","","","","","","","","","","","","","1","","","","","","","","","","","","","","","","","","","1","","","","","","","","","","","","","","1","","1","","1","","","","","","","","","","","","1","","","","","","","","","","","","","","","","","","","","","","","","","","","","","","1","","1","","","","","","","",""
55,20975944,"","","","","","","","","","1","","","","","","","","","","","","","","","","1","","","","","","","","","","","","","","","","","","","1","","","","","","","","","","","","","","1","","1","","","1","","","","","","","","","","","1","","","","","","","","","","","","","","","","","","","","","","","","","","","","","","1","","1","","","","","","","",""
56,20975944,"","","","","","","","","","1","","","","","","","","","","","","","","","","1","","","","","","","","","","","","","","","","","","","1","","","","","","","","","","","","","","1","","1","","","1","","","","","","","","","","","1","","","","","","","","","","","","","","","","","","","","","","","","","","","","","","1","","1","","","","","","","",""
57,21415350,"","1","","","","","","","","","","","","","","","","1","","","","","","","","","","","","","","","","","","","","","","","","","","","","1","","","","","","","","","","","","","","","","","1","","","","","","","","","","","","","","","","","","","","","","","","","","","","","","","","","","","","","","","","1","","","","","","","","","","","",""
58,21205901,"1","","","","","","","","","","","","","","","","","","","","","","","","","","1","","","","","","","","","","","","","","","","","","","1","","","","","","","","","","","","","","","","1","","","","","","","","","","","","","","","","","","","","","","","","","","","","","","","","","","","","","","","","","1","","","","","1","","","","","","",""
59,24603313,"1","","","","","","","","","","","","","","","","","","","","","","","","","","","1","","","","","","","","","","","","","","","","","","","","","","","","","","","","","","","","","","1","","","","","","","","","","","","","","","","","","","","","","","","","","","","","","","","","","","","","","","","","1","","","","","","1","","","","","",""
60,24603313,"1","","","","","","","","","","","","","","","","","","","","","","","","","","","1","","","","","","","","","","","","","","","","","","","","","","","","","","","","","","","","","","1","","","","","","","","","","","","","","","","","","","","","","","","","","","","","","","","","","","","","","","","","1","","","","","","","1","","","","",""
61,21079674,"1","","","","","","","","","","","","","","","","","","","","","","","","","","","","1","","","","","","","","","","","","","","","","","","","1","","","","","","","","","","","","","","1","","","","","","","","","","","","","","","","","","","","","","","","","","","","","","","","","","","","","","","","","1","","","","","","","","1","","","",""
62,22179135,"1","","","","","","","","","","","","","","","","","","","","","","","","","","","","","1","","","","","","","","","","","","","","","1","","","","","","","","","","","","","","","","","1","","","","","","","","","","","","","","1","","","","","","","","","","","","","","","","","","","","","","","","","","","1","","","","","","","","","","","",""
63,22179135,"1","","","","","","","","","","","","","","","","","","","","","","","","","","","","","1","","","","","","","","","","","","","","","1","","","","","","","","","","","","","","","","","1","","","","","","","","","","","","","","","1","","","","","","","","","","","","","","","","","","","","","","","","","","1","","","","","","","","","","","",""
64,22179135,"1","","","","","","","","","","","","","","","","","","","","","","","","","","","","","1","","","","","","","","","","","","","","","1","","","","","","","","","","","","","","","","","1","","","","","","","","","","","","","","","","1","","","","","","","","","","","","","","","","","","","","","","","","","1","","","","","","","","","","","",""
66,25304508,"1","","","","","","","","","","","","","","","","","","","","","","","","","","","","","","1","","","","","","","","","","","","","","1","","","","","","","","","","","","","","","","","1","","","","","","","","","","","","","","","","","","","","","","","","","","","","","","","","","","","","","","","","","1","","","","","","","","","","","",""
67,25304508,"1","","","","","","","","","","","","","","","","","","","","","","","","","","","","","","1","","","","","","","","","","","","","","1","","","","","","","","","","","","","","","","","1","","","","","","","","","","","","","","","","","","","","","","","","","","","","","","","","","","","","","","","","","1","","","","","","","","","","","",""
68,25304508,"1","","","","","","","","","","","","","","","","","","","","","","","","","","","","","","1","","","","","","","","","","","","","","1","","","","","","","","","","","","","","","","","","1","","","","","","","","","","","","","","","","","","","","","","","","","","","","","","","","","","","","","","","","1","","","","","","","","","","","",""
69,25304508,"1","","","","","","","","","","","","","","","","","","","","","","","","","","","","","","1","","","","","","","","","","","","","","1","","","","","","","","","","","","","","","","","","1","","","","","","","","","","","","","","","","","","","","","","","","","","","","","","","","","","","","","","","","1","","","","","","","","","","","",""
70,25304508,"1","","","","","","","","","","","","","","","","","","","","","","","","","","","","","","1","","","","","","","","","","","","","","1","","","","","","","","","","","","","","","","","","1","","","","","","","","","","","","","","","","","","","","","","","","","","","","","","","","","","","","","","","","1","","","","","","","","","","","",""
71,25304508,"1","","","","","","","","","","","","","","","","","","","","","","","","","","","","","","1","","","","","","","","","","","","","","1","","","","","","","","","","","","","","","","","1","","","","","","","","","","","","","","","","","","","","","","","","","","","","","","","","","","","","","","","","","1","","","","","","","","","","","",""
72,25304508,"1","","","","","","","","","","","","","","","","","","","","","","","","","","","","","","1","","","","","","","","","","","","","","1","","","","","","","","","","","","","","","","","1","","","","","","","","","","","","","","","","","","","","","","","","","","","","","","","","","","","","","","","","","1","","","","","","","","","","","",""
73,25304508,"1","","","","","","","","","","","","","","","","","","","","","","","","","","","","","","1","","","","","","","","","","","","","","1","","","","","","","","","","","","","","","","","","","","","","","1","","","","","","","","","","","","","","","","","","","","","","","","","","","","","","","","","","","1","","","","","","","","","","","",""
74,25304508,"1","","","","","","","","","","","","","","","","","","","","","","","","","","","","","","1","","","","","","","","","","","","","","1","","","","","","","","","","","","","","","","","","1","","","","","","","","","","","","","","","","","","","","","","","","","","","","","","","","","","","","","","","","1","","","","","","","","","","","",""
75,25304508,"1","","","","","","","","","","","","","","","","","","","","","","","","","","","","","","1","","","","","","","","","","","","","","1","","","","","","","","","","","","","","","","","","1","","","","","","","","","","","","","","","","","","","","","","","","","","","","","","","","","","","","","","","","1","","","","","","","","","","","",""
76,25304508,"1","","","","","","","","","","","","","","","","","","","","","","","","","","","","","","1","","","","","","","","","","","","","","1","","","","","","","","","","","","","","","","","1","","","","","","","","","","","","","","","","","","","","","","","","","","","","","","","","","","","","","","","","","1","","","","","","","","","","","",""
77,25304508,"1","","","","","","","","","","","","","","","","","","","","","","","","","","","","","","1","","","","","","","","","","","","","","1","","","","","","","","","","","","","","","","","","","","","","","1","","","","","","","","","","","","","","","","","","","","","","","","","","","","","","","","","","","1","","","","","","","","","","","",""
78,25304508,"1","","","","","","","","","","","","","","","","","","","","","","","","","","","","","","1","","","","","","","","","","","","","","1","","","","","","","","","","","","","","","","","","1","","","","","","","","","","","","","","","","","","","","","","","","","","","","","","","","","","","","","","","","1","","","","","","","","","","","",""
79,25304508,"1","","","","","","","","","","","","","","","","","","","","","","","","","","","","","","1","","","","","","","","","","","","","","1","","","","","","","","","","","","","","","","","1","","","","","","","","","","","","","","","","","","","","","","","","","","","","","","","","","","","","","","","","","1","","","","","","","","","","","",""
80,25304508,"1","","","","","","","","","","","","","","","","","","","","","","","","","","","","","","1","","","","","","","","","","","","","","1","","","","","","","","","","","","","","","","","1","","","","","","","","","","","","","","","","","","","","","","","","","","","","","","","","","","","","","","","","","1","","","","","","","","","","","",""
81,25304508,"1","","","","","","","","","","","","","","","","","","","","","","","","","","","","","","1","","","","","","","","","","","","","","1","","","","","","","","","","","","","","","","","","1","","","","","","","","","","","","","","","","","","","","","","","","","","","","","","","","","","","","","","","","1","","","","","","","","","","","",""
82,25304508,"1","","","","","","","","","","","","","","","","","","","","","","","","","","","","","","1","","","","","","","","","","","","","","1","","","","","","","","","","","","","","","","","","1","","","","","","","","","","","","","","","","","","","","","","","","","","","","","","","","","","","","","","","","1","","","","","","","","","","","",""
83,25304508,"1","","","","","","","","","","","","","","","","","","","","","","","","","","","","","","1","","","","","","","","","","","","","","1","","","","","","","","","","","","","","","","","1","","","","","","","","","","","","","","","","","","","","","","","","","","","","","","","","","","","","","","","","","1","","","","","","","","","","","",""
84,25304508,"1","","","","","","","","","","","","","","","","","","","","","","","","","","","","","","1","","","","","","","","","","","","","","1","","","","","","","","","","","","","","","","","","","","","","","1","","","","","","","","","","","","","","","","","","","","","","","","","","","","","","","","","","","1","","","","","","","","","","","",""
85,25304508,"1","","","","","","","","","","","","","","","","","","","","","","","","","","","","","","1","","","","","","","","","","","","","","1","","","","","","","","","","","","","","","","","","","","","","","1","","","","","","","","","","","","","","","","","","","","","","","","","","","","","","","","","","","1","","","","","","","","","","","",""
86,25304508,"1","","","","","","","","","","","","","","","","","","","","","","","","","","","","","","1","","","","","","","","","","","","","","1","","","","","","","","","","","","","","","","","","1","","","","","","","","","","","","","","","","","","","","","","","","","","","","","","","","","","","","","","","","1","","","","","","","","","","","",""
87,25304508,"1","","","","","","","","","","","","","","","","","","","","","","","","","","","","","","1","","","","","","","","","","","","","","1","","","","","","","","","","","","","","","","","1","","","","","","","","","","","","","","","","","","","","","","","","","","","","","","","","","","","","","","","","","1","","","","","","","","","","","",""
88,25304508,"1","","","","","","","","","","","","","","","","","","","","","","","","","","","","","","1","","","","","","","","","","","","","","1","","","","","","","","","","","","","","","","","1","","","","","","","","","","","","","","","","","","","","","","","","","","","","","","","","","","","","","","","","","1","","","","","","","","","","","",""
89,25304508,"1","","","","","","","","","","","","","","","","","","","","","","","","","","","","","","1","","","","","","","","","","","","","","1","","","","","","","","","","","","","","","","","","","","","","","1","","","","","","","","","","","","","","","","","","","","","","","","","","","","","","","","","","","1","","","","","","","","","","","",""
90,25304508,"1","","","","","","","","","","","","","","","","","","","","","","","","","","","","","","1","","","","","","","","","","","","","","1","","","","","","","","","","","","","","","","","","1","","","","","","","","","","","","","","","","","","","","","","","","","","","","","","","","","","","","","","","","1","","","","","","","","","","","",""
91,25304508,"1","","","","","","","","","","","","","","","","","","","","","","","","","","","","","","1","","","","","","","","","","","","","","1","","","","","","","","","","","","","","","","","","1","","","","","","","","","","","","","","","","","","","","","","","","","","","","","","","","","","","","","","","","1","","","","","","","","","","","",""
92,25304508,"1","","","","","","","","","","","","","","","","","","","","","","","","","","","","","","1","","","","","","","","","","","","","","1","","","","","","","","","","","","","","","","","1","","","","","","","","","","","","","","","","","","","","","","","","","","","","","","","","","","","","","","","","","1","","","","","","","","","","","",""
93,25304508,"1","","","","","","","","","","","","","","","","","","","","","","","","","","","","","","1","","","","","","","","","","","","","","1","","","","","","","","","","","","","","","","","","","","","","","1","","","","","","","","","","","","","","","","","","","","","","","","","","","","","","","","","","","1","","","","","","","","","","","",""
94,25304508,"1","","","","","","","","","","","","","","","","","","","","","","","","","","","","","","1","","","","","","","","","","","","","","1","","","","","","","","","","","","","","","","","","1","","","","","","","","","","","","","","","","","","","","","","","","","","","","","","","","","","","","","","","","1","","","","","","","","","","","",""
95,25304508,"1","","","","","","","","","","","","","","","","","","","","","","","","","","","","","","1","","","","","","","","","","","","","","1","","","","","","","","","","","","","","","","","","1","","","","","","","","","","","","","","","","","","","","","","","","","","","","","","","","","","","","","","","","1","","","","","","","","","","","",""
96,25304508,"1","","","","","","","","","","","","","","","","","","","","","","","","","","","","","","1","","","","","","","","","","","","","","1","","","","","","","","","","","","","","","","","","1","","","","","","","","","","","","","","","","","","","","","","","","","","","","","","","","","","","","","","","","1","","","","","","","","","","","",""
97,25304508,"1","","","","","","","","","","","","","","","","","","","","","","","","","","","","","","1","","","","","","","","","","","","","","1","","","","","","","","","","","","","","","","","","1","","","","","","","","","","","","","","","","","","","","","","","","","","","","","","","","","","","","","","","","1","","","","","","","","","","","",""
98,25304508,"1","","","","","","","","","","","","","","","","","","","","","","","","","","","","","","1","","","","","","","","","","","","","","1","","","","","","","","","","","","","","","","","1","","","","","","","","","","","","","","","","","","","","","","","","","","","","","","","","","","","","","","","","","1","","","","","","","","","","","",""
99,25304508,"1","","","","","","","","","","","","","","","","","","","","","","","","","","","","","","1","","","","","","","","","","","","","","1","","","","","","","","","","","","","","","","","1","","","","","","","","","","","","","","","","","","","","","","","","","","","","","","","","","","","","","","","","","1","","","","","","","","","","","",""
100,25304508,"1","","","","","","","","","","","","","","","","","","","","","","","","","","","","","","1","","","","","","","","","","","","","","1","","","","","","","","","","","","","","","","","","1","","","","","","","","","","","","","","","","","","","","","","","","","","","","","","","","","","","","","","","","1","","","","","","","","","","","",""
101,25304508,"1","","","","","","","","","","","","","","","","","","","","","","","","","","","","","","1","","","","","","","","","","","","","","1","","","","","","","","","","","","","","","","","","1","","","","","","","","","","","","","","","","","","","","","","","","","","","","","","","","","","","","","","","","1","","","","","","","","","","","",""
102,25304508,"1","","","","","","","","","","","","","","","","","","","","","","","","","","","","","","1","","","","","","","","","","","","","","1","","","","","","","","","","","","","","","","","","1","","","","","","","","","","","","","","","","","","","","","","","","","","","","","","","","","","","","","","","","1","","","","","","","","","","","",""
103,22020511,"1","","","","","","","","","","","","","","","","","","1","","","","","","","","","","","","","","","","","","","","","","","","","","","","","","","","","","","","","","","","","","","","1","","","","","","","","","","","","1","","","","","","","","","","","","","","","","","","","","","","","","","","","","","","1","","","","","","","","","",""
104,22020511,"1","","","","","","","","","","","","","","","","","","1","","","","","","","","","","","","","","","","","","","","","","","","","","","","","","","","","","","","","","","","","","","","1","","","","","","","","","","","","1","","","","","","","","","","","","","","","","","","","","","","","","","","","","","","1","","","","","","","","","",""
105,22020511,"1","","","","","","","","","","","","","","","","","","1","","","","","","","","","","","","","","","","","","","","","","","","","","","","","","","","","","","","","","","","","","","","1","","","","","","","","","","","","1","","","","","","","","","","","","","","","","","","","","","","","","","","","","","","1","","","","","","","","","",""
106,22020511,"1","","","","","","","","","","","","","","","","","","1","","","","","","","","","","","","","","","","","","","","","","","","","","","","","","","","","","","","","","","","","","","","1","","","","","","","","","","","","1","","","","","","","","","","","","","","","","","","","","","","","","","","","","","","1","","","","","","","","","",""
107,25556191,"","","","","","","","","","","1","","","","","","","","","","","","","","","","","","","","","1","","","","","","","","","","","","","","","","","","","1","","","","","","","","","","","","1","","","","","","","","","1","","","","","","","","","","","","","","","","","","","","","","","","","","","","","","","1","","","","","","","","","","","",""
108,25015645,"1","","","","","","","","","","","","","","","","","","","","","","","","","","","","","1","","","","","","","","","","","","","","","","1","","","","","","","","","","","","","","","","","1","","","","","","","","","","","","","","","","","","","","","","","","","","","","","","","","","","","","","","","","","","1","","","","","","","","","",""
109,23822838,"","","","","","","1","","","","","","","","","","","","","","","1","","","","","","","","","","","","","","","","","","","","","","","","1","","","","","","","","","","","","","","","","1","","","","","","","","","","","","","","","","","","","","","","","","","","","","","","","","","","","","","","","","","1","","","","","","","","","","","",""
110,24348252,"","","","","","","","","","","","1","","","","","","","","","","","","","","","","","","","","","1","","","","","","","","","","","","","","","","","","","","","","","","","","","","","1","","","","","","","","","","","","","","","","","1","","","","","","","","","","","","","","","","","","","","","","","","1","","","","","","","","","1","","",""
111,24348252,"","","","","","","","","","","","1","","","","","","","","","","","","","","","","","","","","","1","","","","","","","","","","","","","","","","","","","","","","","","","","","","","1","","","","","","","","","","","","","","","","","1","","","","","","","","","","","","","","","","","","","","","","","","1","","","","","","","","","1","","",""
112,24962091,"1","","","","","","","","","","","","","","","","","","","","","","","","","","","","","1","","","","","","","","","","","","","","","1","","","","","","","","","","","","","","","","","1","","","","","","","","","","","","","","","","","","1","","","","","","","","","","","","","","","","","","","","","","","","1","","","","","","","","","","",""
113,24962091,"1","","","","","","","","","","","","","","","","","","","","","","","","","","","","","1","","","","","","","","","","","","","","","1","","","","","","","","","","","","","","","","","1","","","","","","","","","","","","","","","","","","1","","","","","","","","","","","","","","","","","","","","","","","","1","","","","","","","","","","",""
114,24962091,"1","","","","","","","","","","","","","","","","","","","","","","","","","","","","","1","","","","","","","","","","","","","","","1","","","","","","","","","","","","","","","","","1","","","","","","","","","","","","","","","","","","","1","","","","","","","","","","","","","","","","","","","","","","","1","","","","","","","","","","",""
115,24962091,"1","","","","","","","","","","","","","","","","","","","","","","","","","","","","","1","","","","","","","","","","","","","","","1","","","","","","","","","","","","","","","","","1","","","","","","","","","","","","","","","","","","","1","","","","","","","","","","","","","","","","","","","","","","","1","","","","","","","","","","",""
116,24962091,"1","","","","","","","","","","","","","","","","","","","","","","","","","","","","","1","","","","","","","","","","","","","","","1","","","","","","","","","","","","","","","","","1","","","","","","","","","","","","","","","","","","","","1","","","","","","","","","","","","","","","","","","","","","","1","","","","","","","","","","",""
117,24962091,"1","","","","","","","","","","","","","","","","","","","","","","","","","","","","","1","","","","","","","","","","","","","","","1","","","","","","","","","","","","","","","","","1","","","","","","","","","","","","","","","","","","","","1","","","","","","","","","","","","","","","","","","","","","","1","","","","","","","","","","",""
118,24962091,"1","","","","","","","","","","","","","","","","","","","","","","","","","","","","","1","","","","","","","","","","","","","","","1","","","","","","","","","","","","","","","","","1","","","","","","","","","","","","","","","","","","","","","1","","","","","","","","","","","","","","","","","","","","","1","","","","","","","","","","",""
119,24962091,"1","","","","","","","","","","","","","","","","","","","","","","","","","","","","","1","","","","","","","","","","","","","","","1","","","","","","","","","","","","","","","","","1","","","","","","","","","","","","","","","","","","","","","1","","","","","","","","","","","","","","","","","","","","","1","","","","","","","","","","",""
120,24962091,"1","","","","","","","","","","","","","","","","","","","","","","","","","","","","","1","","","","","","","","","","","","","","","1","","","","","","","","","","","","","","","","","1","","","","","","","","","","","","","","","","","","","","","","1","","","","","","","","","","","","","","","","","","","","1","","","","","","","","","","",""
121,24962091,"1","","","","","","","","","","","","","","","","","","","","","","","","","","","","","1","","","","","","","","","","","","","","","1","","","","","","","","","","","","","","","","","1","","","","","","","","","","","","","","","","","","","","","","1","","","","","","","","","","","","","","","","","","","","1","","","","","","","","","","",""
122,24962091,"1","","","","","","","","","","","","","","","","","","","","","","","","","","","","","1","","","","","","","","","","","","","","","1","","","","","","","","","","","","","","","","","1","","","","","","","","","","","","","","","","","","","","","","","1","","","","","","","","","","","","","","","","","","","1","","","","","","","","","","",""
123,24962091,"1","","","","","","","","","","","","","","","","","","","","","","","","","","","","","1","","","","","","","","","","","","","","","1","","","","","","","","","","","","","","","","","1","","","","","","","","","","","","","","","","","","","","","","","1","","","","","","","","","","","","","","","","","","","1","","","","","","","","","","",""
124,24962091,"1","","","","","","","","","","","","","","","","","","","","","","","","","","","","","1","","","","","","","","","","","","","","","1","","","","","","","","","","","","","","","","","1","","","","","","","","","","","1","","","","","","","","","","","","","","","","","","","","","","","","","","","","","","","1","","","","","","","","","","",""
125,24962091,"1","","","","","","","","","","","","","","","","","","","","","","","","","","","","","1","","","","","","","","","","","","","","","1","","","","","","","","","","","","","","","","","1","","","","","","","","","","","1","","","","","","","","","","","","","","","","","","","","","","","","","","","","","","","1","","","","","","","","","","",""
126,24962091,"1","","","","","","","","","","","","","","","","","","","","","","","","","","","","","1","","","","","","","","","","","","","","","1","","","","","","","","","","","","","","","","","1","","","","","","","","","","","","","","","","","","","","","","","","1","","","","","","","","","","","","","","","","","","1","","","","","","","","","","",""
127,24962091,"1","","","","","","","","","","","","","","","","","","","","","","","","","","","","","1","","","","","","","","","","","","","","","1","","","","","","","","","","","","","","","","","1","","","","","","","","","","","","","","","","","","","","","","","","1","","","","","","","","","","","","","","","","","","1","","","","","","","","","","",""
128,24962091,"1","","","","","","","","","","","","","","","","","","","","","","","","","","","","","1","","","","","","","","","","","","","","","1","","","","","","","","","","","","","","","","","1","","","","","","","","","","","","","","","1","","","","","","","","","","","","","","","","","","","","","","","","","","","1","","","","","","","","","","",""
129,24962091,"1","","","","","","","","","","","","","","","","","","","","","","","","","","","","","1","","","","","","","","","","","","","","","1","","","","","","","","","","","","","","","","","1","","","","","","","","","","","","","","","1","","","","","","","","","","","","","","","","","","","","","","","","","","","1","","","","","","","","","","",""
130,24962091,"1","","","","","","","","","","","","","","","","","","","","","","","","","","","","","1","","","","","","","","","","","","","","","1","","","","","","","","","","","","","","","","","1","","","","","","","","","","","","","","","","","","","","","","","","","1","","","","","","","","","","","","","","","","","1","","","","","","","","","","",""
131,24962091,"1","","","","","","","","","","","","","","","","","","","","","","","","","","","","","1","","","","","","","","","","","","","","","1","","","","","","","","","","","","","","","","","1","","","","","","","","","","","","","","","","","","","","","","","","","1","","","","","","","","","","","","","","","","","1","","","","","","","","","","",""
132,24962091,"1","","","","","","","","","","","","","","","","","","","","","","","","","","","","","1","","","","","","","","","","","","","","","1","","","","","","","","","","","","","","","","","1","","","","","","","","","","","","","","","","","","","","","","","","","","1","","","","","","","","","","","","","","","","1","","","","","","","","","","",""
133,24962091,"1","","","","","","","","","","","","","","","","","","","","","","","","","","","","","1","","","","","","","","","","","","","","","1","","","","","","","","","","","","","","","","","1","","","","","","","","","","","","","","","","","","","","","","","","","","1","","","","","","","","","","","","","","","","1","","","","","","","","","","",""
134,24962091,"1","","","","","","","","","","","","","","","","","","","","","","","","","","","","","1","","","","","","","","","","","","","","","1","","","","","","","","","","","","","","","","","1","","","","","","","","","","","","","","","","","","","","","","","","","","","1","","","","","","","","","","","","","","","1","","","","","","","","","","",""
135,24962091,"1","","","","","","","","","","","","","","","","","","","","","","","","","","","","","1","","","","","","","","","","","","","","","1","","","","","","","","","","","","","","","","","1","","","","","","","","","","","","","","","","","","","","","","","","","","","1","","","","","","","","","","","","","","","1","","","","","","","","","","",""
136,24962091,"1","","","","","","","","","","","","","","","","","","","","","","","","","","","","","1","","","","","","","","","","","","","","","1","","","","","","","","","","","","","","","","","1","","","","","","","","","","","","","","","","","","","","","","","","","","","","1","","","","","","","","","","","","","","1","","","","","","","","","","",""
137,24962091,"1","","","","","","","","","","","","","","","","","","","","","","","","","","","","","1","","","","","","","","","","","","","","","1","","","","","","","","","","","","","","","","","1","","","","","","","","","","","","","","","","","","","","","","","","","","","","1","","","","","","","","","","","","","","1","","","","","","","","","","",""
138,24962091,"1","","","","","","","","","","","","","","","","","","","","","","","","","","","","","1","","","","","","","","","","","","","","","1","","","","","","","","","","","","","","","","","1","","","","","","","","","","","","","","","","","","","","","","","","","","","","","1","","","","","","","","","","","","","1","","","","","","","","","","",""
139,24962091,"1","","","","","","","","","","","","","","","","","","","","","","","","","","","","","1","","","","","","","","","","","","","","","1","","","","","","","","","","","","","","","","","1","","","","","","","","","","","","","","","","","","","","","","","","","","","","","1","","","","","","","","","","","","","1","","","","","","","","","","",""
140,24962091,"1","","","","","","","","","","","","","","","","","","","","","","","","","","","","","1","","","","","","","","","","","","","","","1","","","","","","","","","","","","","","","","","1","","","","","","","","","","","","","","","","","","","","","","","","","","","","","","1","","","","","","","","","","","","1","","","","","","","","","","",""
141,24962091,"1","","","","","","","","","","","","","","","","","","","","","","","","","","","","","1","","","","","","","","","","","","","","","1","","","","","","","","","","","","","","","","","1","","","","","","","","","","","","","","","","","","","","","","","","","","","","","","1","","","","","","","","","","","","1","","","","","","","","","","",""
142,24962091,"1","","","","","","","","","","","","","","","","","","","","","","","","","","","","","1","","","","","","","","","","","","","","","1","","","","","","","","","","","","","","","","","1","","","","","","","","","","","","","","","","","","","","","","","","","","","","","","","1","","","","","","","","","","","1","","","","","","","","","","",""
143,24962091,"1","","","","","","","","","","","","","","","","","","","","","","","","","","","","","1","","","","","","","","","","","","","","","1","","","","","","","","","","","","","","","","","1","","","","","","","","","","","","","","","","","","","","","","","","","","","","","","","1","","","","","","","","","","","1","","","","","","","","","","",""
144,24962091,"1","","","","","","","","","","","","","","","","","","","","","","","","","","","","","1","","","","","","","","","","","","","","","1","","","","","","","","","","","","","","","","","1","","","","","","","","","","","","","","","","1","","","","","","","","","","","","","","","","","","","","","","","","","","1","","","","","","","","","","",""
145,24962091,"1","","","","","","","","","","","","","","","","","","","","","","","","","","","","","1","","","","","","","","","","","","","","","1","","","","","","","","","","","","","","","","","1","","","","","","","","","","","","","","","","1","","","","","","","","","","","","","","","","","","","","","","","","","","1","","","","","","","","","","",""
146,24962091,"1","","","","","","","","","","","","","","","","","","","","","","","","","","","","","1","","","","","","","","","","","","","","","1","","","","","","","","","","","","","","","","","1","","","","","","","","","","","","","","","","","","","","","","","","","","","","","","","","1","","","","","","","","","","1","","","","","","","","","","",""
147,24962091,"1","","","","","","","","","","","","","","","","","","","","","","","","","","","","","1","","","","","","","","","","","","","","","1","","","","","","","","","","","","","","","","","1","","","","","","","","","","","","","","","","","","","","","","","","","","","","","","","","1","","","","","","","","","","1","","","","","","","","","","",""
148,24962091,"1","","","","","","","","","","","","","","","","","","","","","","","","","","","","","1","","","","","","","","","","","","","","","1","","","","","","","","","","","","","","","","","1","","","","","","","","","","","","","","","","","","","","","","","","","","","","","","","","","1","","","","","","","","","1","","","","","","","","","","",""
149,24962091,"1","","","","","","","","","","","","","","","","","","","","","","","","","","","","","1","","","","","","","","","","","","","","","1","","","","","","","","","","","","","","","","","1","","","","","","","","","","","","","","","","","","","","","","","","","","","","","","","","","1","","","","","","","","","1","","","","","","","","","","",""
150,24962091,"1","","","","","","","","","","","","","","","","","","","","","","","","","","","","","1","","","","","","","","","","","","","","","1","","","","","","","","","","","","","","","","","1","","","","","","","","","","","","","","","","","","","","","","","","","","","","","","","","","","1","","","","","","","","1","","","","","","","","","","",""
151,24962091,"1","","","","","","","","","","","","","","","","","","","","","","","","","","","","","1","","","","","","","","","","","","","","","1","","","","","","","","","","","","","","","","","1","","","","","","","","","","","","","","","","","","","","","","","","","","","","","","","","","","1","","","","","","","","1","","","","","","","","","","",""
152,24962091,"1","","","","","","","","","","","","","","","","","","","","","","","","","","","","","1","","","","","","","","","","","","","","","1","","","","","","","","","","","","","","","","","1","","","","","","","","","","","","","","","","","","","","","","","","","","","","","","","","","","","1","","","","","","","1","","","","","","","","","","",""
153,24962091,"1","","","","","","","","","","","","","","","","","","","","","","","","","","","","","1","","","","","","","","","","","","","","","1","","","","","","","","","","","","","","","","","1","","","","","","","","","","","","","","","","","","","","","","","","","","","","","","","","","","","1","","","","","","","1","","","","","","","","","","",""
154,24962091,"1","","","","","","","","","","","","","","","","","","","","","","","","","","","","","1","","","","","","","","","","","","","","","1","","","","","","","","","","","","","","","","","1","","","","","","","","","","","","","","","","","","","","","","","","","","","","","","","","","","","","1","","","","","","1","","","","","","","","","","",""
155,24962091,"1","","","","","","","","","","","","","","","","","","","","","","","","","","","","","1","","","","","","","","","","","","","","","1","","","","","","","","","","","","","","","","","1","","","","","","","","","","","","","","","","","","","","","","","","","","","","","","","","","","","","1","","","","","","1","","","","","","","","","","",""
156,24995530,"1","","","","","","","","","","","","","","","","","","1","","","","","","","","","","","","","","","","","","","","","","","","","","","","","","","","","","","","","","","","","","","1","","","","","","","","","","1","","","","","","","","","","","","","","","","","","","","","","","","","","","","","","","1","","","","","","","","","","","",""
157,24169403,"","","","","","","","","","","","","1","","","","","","","","","","","","","","","","","","","","","1","","","","","","","","","","","","","","1","","","","","","","","","","","","","","1","","","","","","","","","","","","","","","","","","","","","","","","","","","","","","","","","","","","1","","","","","","1","","","","","","","","","","",""
158,24169403,"","","","","","","","","","","","","1","","","","","","","","","","","","","","","","","","","","","1","","","","","","","","","","","","","","1","","","","","","","","","","","","","","1","","","","","","","","","","","","","","","","","","","","","","","","","1","","","","","","","","","","","","","","","","","1","","","","","","","","","","",""
159,24169403,"","","","","","","","","","","","","1","","","","","","","","","","","","","","","","","","","","","1","","","","","","","","","","","","","","1","","","","","","","","","","","","","","1","","","","","","","","","","","","","","","","","","","","","","1","","","","","","","","","","","","","","","","","","","","1","","","","","","","","","","",""
160,24169403,"","","","","","","","","","","","","1","","","","","","","","","","","","","","","","","","","","","1","","","","","","","","","","","","","","1","","","","","","","","","","","","","","1","","","","","","","","","","","","","","","","","","","","","","","","","1","","","","","","","","","","","","","","","","","1","","","","","","","","","","",""
161,24040003,"","","","","","","","","","","","","","1","","","","","","","","","","","","","","","","","","","","","1","","","","","","","","","","","","","","","","","","","","","","","","","","","1","","","","","","","","","","","","","","","","","","","","","","","","","","","","","","","","","","","","","1","","","","1","","","","","","","","","","","",""
162,24040003,"","","","","","","","","","","","","","1","","","","","","","","","","","","","","","","","","","","","1","","","","","","","","","","","","","","","","","","","","","","","","","","","1","","","","","","","","","","","","","","","","","","","","","","","","","","","","","","","","","","","","","","","","","1","","","","","","","","","","","",""
164,22028828,"1","","","","","","","","","","","","","","","","","","","","","","","","","","","","","","","","","","","1","","","","","","","","","","","1","","","","","","","","","","","","","","","1","","","","","","","","","","","","","","","","","","","","","","","","","","","","","","","","","","","","","","1","","","1","","","","","","","","","","","",""
165,22028828,"1","","","","","","","","","","","","","","","","","","","","","","","","","","","","","","","","","","","","1","","","","","","","","","","","","","","","1","","","","","","","","","","1","","","","","","","","","","","","","","","","","","","","","","","","","","","","","","","","","","","","","","1","","","1","","","","","","","","","","","",""
166,22028828,"1","","","","","","","","","","","","","","","","","","","","","","","","","","","","","","","","","","","","","1","","","","","","","","","","","","","","","1","","","","","","","","","1","","","","","","","","","","","","","","","","","","","","","","","","","","","","","","","","","","","","","","1","","","1","","","","","","","","","","","",""
167,19849850,"1","","","","","","","","","","","","","","","","","","","","","","","","","","","","","","","","","","","","","","1","","","","","","","","","","","","","1","","","","","","","","","","","","","","","","1","","","","","","","","","","","","","","","","","","","","","","","","","","","","","","","","","","","","1","","","","","","","","","","",""
168,19849850,"1","","","","","","","","","","","","","","","","","","","","","","","","","","","","","","","","","","","","","","1","","","","","","","","","","","","","1","","","","","","","","","","","1","","","","","","","","","","","","","","","","","","","","","","","","","","","","","","","","","","","","","","","","","1","","","","","","","","","","",""
169,22652227,"","","","","","","","","","","","","1","","","","","","","","","","","","","","","","","","","","","","","","","","","1","","","","","1","","","","","","","","","","","","","","","","","1","","","","","","","","1","","","","","","","","","","","","","","","","","","","","","","","","","","","","","","","","","1","","","","","","","","","","1","",""
170,22652227,"","","","","","","","","","","","","1","","","","","","","","","","","","","","","","","","","","","","","","","","","1","","","","","1","","","","","","","","","","","","","","","","","1","","","","","","","","1","","","","","","","","","","","","","","","","","","","","","","","","","","","","","","","","","1","","","","","","","","","","","1",""
171,22652227,"","","","","","","","","","","","","1","","","","","","","","","","","","","","","","","","","","","","","","","","","1","","","","","1","","","","","","","","","","","","","","","","","1","","","","","","","","1","","","","","","","","","","","","","","","","","","","","","","","","","","","","","","","","","1","","","","","","","","","","","1",""
172,22652227,"","","","","","","","","","","","","1","","","","","","","","","","","","","","","","","","","","","","","","","","","1","","","","","1","","","","","","","","","","","","","","","","","1","","","","","","","","1","","","","","","","","","","","","","","","","","","","","","","","","","","","","","","","","","1","","","","","","","","","","","1",""
173,22991466,"","","","","","","","","","","","","","","1","","","","","","","","","","","","","","","","","","","","","","","","","","1","","","","","","","","","","","","","","","","","","","","","","1","","","","","","","","","","","","","","","","","","","","","","","","","","","","","","","","","","","","","","","","1","","","","","","","","","","","",""
174,22991466,"","","","","","","","","","","","","","","1","","","","","","","","","","","","","","","","","","","","","","","","","","1","","","","","","","","","","","","","","","","","","","","","1","","","","","","","","","","","","","","","","","","","","","","","","","","","","","","","","","","","","","","","","","1","","","","","","","","","","","","1"
175,23204426,"","","","","","","","","","","","","","","","1","","","1","","","","","","","","","","","","","","","","","","","","","","","","","","","","","","","","","","","","","","","","","","","","","","","","","1","","","","","","","","","","","","","","","","","","","","","","","","","","","","","","","","","","","1","","","","","","","","","","","",""
176,23204426,"","","","","","","","","","","","","","","","1","","","1","","","","","","","","","","","","","","","","","","","","","","","","","","","","","","","","","","","","","","","","","","","","","","","","","1","","","","","","","","","","","","","","","","","","","","","","","","","","","","","","","","","1","","1","","","","","","","","","","","",""
177,23204426,"","","","","","","","","","","","","","","","1","","","1","","","","","","","","","","","","","","","","","","","","","","","","","","","","","","","","","","","","","","","","","","","","","","","","","1","","","","","","","","","","","","","","","","","","","","","","","","","","","","","","","","","1","","1","","","","","","","","","","","",""
180,24624420,"","1","","","","","","","","","","","","","","","","","","","","","","","","","","","","","","","","","","","","","","","","1","","","","","","","","","","","","1","","","1","","","","","","","","","","","1","","","","","","","","","","","","","","","","","","","","","","","","","","","","","","","","","","","1","","","","","","","","","","","",""
181,24624420,"","1","","","","","","","","","","","","","","","","","","","","","","","","","","","","","","","","","","1","","","","","","","","","","","1","","","","","","","","","","","","","","","","","","","","","1","","","","","","","","","","","","","","","","","","","","","","","","","","","","","","","","","","","1","","","","","","","","","","","",""
182,24624420,"","1","","","","","","","","","","","","","","","","","","","","","","","","","","","","","","","","","","","","","","","","","1","","","","","","","","","","","","1","","","","","","","","","","","","","1","","","","","","","","","","","","","","","","","","","","","","","","","","","","","","","","","","","1","","","","","","","","","","","",""
183,24624420,"","1","","","","","","","","","","","","","","","","","","","","","","","","","","","","","","","","","","","","","","","","","","1","","","","1","","","","","","","","","","","","","","","","","","","","1","","","","","","","","","","","","","","","","","","","","","","","","","","","","","","","","","","","1","","","","","","","","","","","",""
184,25000950,"","","1","","","","","","","","","","","","","","","","","","","","","","","","","","","","","","","1","","","","","","","","","","","","","","1","","","","","","","","","","","","","","1","","","","","","","","","","","","","","","","","","","","","","","","","","","","","","","","","","1","","","","","","","1","","","","","","","","","","","",""
185,25000950,"","","1","","","","","","","","","","","","","","","","","","","","","","","","","","","","","","","1","","","","","","","","","","","","","","1","","","","","","","","","","","","","","1","","","","","","","","","","","","","","1","","","","","","","","","","","","","","","","","","","","","","","","","","","1","","","","","","","","","","","",""
186,25000950,"","","1","","","","","","","","","","","","","","","","","","","","","","","","","","","","","","","1","","","","","","","","","","","","","","1","","","","","","","","","","","","","","1","","","","","","","","","","","1","","","","","","","","","","","","","","","","","","","","","","","","","","","","","","1","","","","","","","","","","","",""
187,25000950,"","","1","","","","","","","","","","","","","","","","","","","","","","","","","","","","","","","1","","","","","","","","","","","","","","1","","","","","","","","","","","","","","1","","","","","","","","","","","","","","","1","","","","","","","","","","","","","","","","","","","","","","","","","","1","","","","","","","","","","","",""
188,25000950,"","","1","","","","","","","","","","","","","","","","","","","","","","","","","","","","","","","1","","","","","","","","","","","","","","1","","","","","","","","","","","","","","1","","","","","","","","","","","","","","","","","","","","1","","","","","","","","","","","","","","","","","","","","","1","","","","","","","","","","","",""
189,25000950,"","","1","","","","","","","","","","","","","","","","","","","","","","","","","","","","","","","1","","","","","","","","","","","","","","1","","","","","","","","","","","","","","1","","","","","","","","","","","","","","","","","","","","","","","","","","","","","","1","","","","","","","","","","","1","","","","","","","","","","","",""
190,25000950,"","","1","","","","","","","","","","","","","","","","","","","","","","","","","","","","","","","1","","","","","","","","","","","","","","1","","","","","","","","","","","","","","1","","","","","","","","","","","","","","","","","","","","","","1","","","","","","","","","","","","","","","","","","","1","","","","","","","","","","","",""
191,25000950,"","","1","","","","","","","","","","","","","","","","","","","","","","","","","","","","","","","1","","","","","","","","","","","","","","1","","","","","","","","","","","","","","1","","","","","","","","","","","","","","","","","","","","","","","","","","","","","","","","","","","","","","","","1","1","","","","","","","","","","","",""
192,25000950,"","","1","","","","","","","","","","","","","","","","","","","","","","","","","","","","","","","1","","","","","","","","","","","","","","1","","","","","","","","","","","","","","1","","","","","","","","","","","","","","","","","","","","","","","","","","","","1","","","","","","","","","","","","","1","","","","","","","","","","","",""
193,25000950,"","","1","","","","","","","","","","","","","","","","","","","","","","","","","","","","","","","1","","","","","","","","","","","","","","1","","","","","","","","","","","","","","1","","","","","","","","","","","","","","","","","","","","","","","","1","","","","","","","","","","","","","","","","","1","","","","","","","","","","","",""
194,25000950,"","","1","","","","","","","","","","","","","","","","","","","","","","","","","","","","","","","1","","","","","","","","","","","","","","1","","","","","","","","","","","","","","1","","","","","","","","","","","","","","","","","","","","","","","","","1","","","","","","","","","","","","","","","","1","","","","","","","","","","","",""
